{
  "timestamp": "2026-01-11T17:32:58.948Z",
  "test": "crud",
  "metrics": {
    "create": {
      "count": 0,
      "p50": 0,
      "p95": 14.499999999999998,
      "p99": 0
    },
    "read": {
      "count": 0,
      "p50": 0,
      "p95": 0,
      "p99": 0
    },
    "update": {
      "count": 0,
      "p50": 0,
      "p95": 0,
      "p99": 0
    },
    "delete": {
      "count": 0,
      "p50": 0,
      "p95": 0,
      "p99": 0
    },
    "search": {
      "p50": 0,
      "p95": 0,
      "p99": 0
    },
    "overall": {
      "success_rate": 0,
      "requests_per_second": 4.600651912375984
    }
  }
}